{
  "git_hash": "bad9293a359a238b96c92f5ca90a94392728fa3a",
  "timestamp": "2024-04-06T00:49:06.522903+00:00",
  "seed": 8885741526167835282,
  "total_steps": 50000,
  "jit_steps": 1000,
  "env_num": 128,
  "agent": {
    "type": "actor_critic",
    "discount": 0.8317125747175621,
    "root_hidden_layers": [],
    "actor_hidden_layers": [
      32,
      32,
      32,
      32,
      32,
      32,
      32,
      32
    ],
    "critic_hidden_layers": [
      32,
      32,
      32,
      32,
      32,
      32,
      32,
      32
    ],
    "learning_rate": 0.001,
    "adam_beta": 0.9255425183439725,
    "weight_decay": 8.063264566228957e-05,
    "actor_coef": 0.06515194426181999,
    "entropy_coef": 0.01
  },
  "opponent": {
    "type": "random"
  }
}